

insert into members (id, document, first_name, last_name, phone, email, create_on) values (1, '1112343024', 'Maggee', 'Shanahan', '6367974621', 'mshanahan0@squidoo.com', '18/11/2022');
insert into members (id, document, first_name, last_name, phone, email, create_on) values (2, '6474791055', 'Calhoun', 'Bummfrey', '6073752413', 'cbummfrey1@barnesandnoble.com', '14/08/2022');
insert into members (id, document, first_name, last_name, phone, email, create_on) values (3, '8152206164', 'Fania', 'Boddymead', '4344968854', 'fboddymead2@digg.com', '17/05/2022');
insert into members (id, document, first_name, last_name, phone, email, create_on) values (4, '5095992302', 'Westbrooke', 'Cameli', '5085879375', 'wcameli3@yahoo.co.jp', '18/04/2023');
insert into members (id, document, first_name, last_name, phone, email, create_on) values (5, '4768022014', 'Ashlan', 'Mugford', '7623925961', 'amugford4@ow.ly', '05/12/2022');
insert into members (id, document, first_name, last_name, phone, email, create_on) values (6, '1367144116', 'Wynn', 'Farden', '7057992585', 'wfarden5@hibu.com', '10/09/2022');
insert into members (id, document, first_name, last_name, phone, email, create_on) values (7, '6843943802', 'Krissy', 'Djekic', '3055110384', 'kdjekic6@ezinearticles.com', '25/11/2022');
insert into members (id, document, first_name, last_name, phone, email, create_on) values (8, '2003664041', 'Claribel', 'Ert', '7022660890', 'cert7@mozilla.com', '01/09/2022');
insert into members (id, document, first_name, last_name, phone, email, create_on) values (9, '2375406532', 'Chandra', 'Brocklesby', '9969251712', 'cbrocklesby8@aol.com', '23/04/2022');
insert into members (id, document, first_name, last_name, phone, email, create_on) values (10, '2886990434', 'Lucilia', 'Nafzger', '7507799876', 'lnafzger9@unicef.org', '01/03/2023');
insert into members (id, document, first_name, last_name, phone, email, create_on) values (11, '7929384748', 'Cchaddie', 'Rupp', '2245635173', 'cruppa@chron.com', '07/06/2022');
insert into members (id, document, first_name, last_name, phone, email, create_on) values (12, '2900822386', 'Stacy', 'Linch', '7739356032', 'slinchb@nifty.com', '25/10/2022');
insert into members (id, document, first_name, last_name, phone, email, create_on) values (13, '2819928757', 'Moreen', 'Fetherby', '9752001774', 'mfetherbyc@netscape.com', '17/05/2022');
insert into members (id, document, first_name, last_name, phone, email, create_on) values (14, '5722896322', 'Charleen', 'Camacke', '1779800089', 'ccamacked@php.net', '14/07/2022');
insert into members (id, document, first_name, last_name, phone, email, create_on) values (15, '7258322752', 'Tam', 'Jenkerson', '5337994853', 'tjenkersone@cmu.edu', '23/04/2022');
insert into members (id, document, first_name, last_name, phone, email, create_on) values (16, '9967090863', 'Gradeigh', 'Heam', '2578394674', 'gheamf@liveinternet.ru', '18/12/2022');
insert into members (id, document, first_name, last_name, phone, email, create_on) values (17, '4742843169', 'Kass', 'Windress', '7633375174', 'kwindressg@istockphoto.com', '20/06/2022');
insert into members (id, document, first_name, last_name, phone, email, create_on) values (18, '9138221403', 'Kaitlyn', 'Rulf', '7975120775', 'krulfh@thetimes.co.uk', '05/04/2023');
insert into members (id, document, first_name, last_name, phone, email, create_on) values (19, '3660206849', 'Joanie', 'Coggeshall', '8712952192', 'jcoggeshalli@histats.com', '12/02/2023');
insert into members (id, document, first_name, last_name, phone, email, create_on) values (20, '9980336692', 'Lara', 'Leroux', '6904326262', 'llerouxj@list-manage.com', '20/09/2022');
insert into members (id, document, first_name, last_name, phone, email, create_on) values (21, '8529301293', 'Peadar', 'Heigl', '1388540861', 'pheiglk@ucsd.edu', '04/05/2022');
insert into members (id, document, first_name, last_name, phone, email, create_on) values (22, '4191567918', 'Janaye', 'Draisey', '9473703332', 'jdraiseyl@cbslocal.com', '27/05/2022');
insert into members (id, document, first_name, last_name, phone, email, create_on) values (23, '5318393292', 'Pauly', 'Gerritsma', '1737624929', 'pgerritsmam@google.it', '24/10/2022');
insert into members (id, document, first_name, last_name, phone, email, create_on) values (24, '3979002470', 'Ansley', 'Libbis', '6382564576', 'alibbisn@4shared.com', '10/08/2022');
insert into members (id, document, first_name, last_name, phone, email, create_on) values (25, '9417728954', 'Suki', 'Ottewell', '9433844900', 'sottewello@springer.com', '21/04/2023');
insert into members (id, document, first_name, last_name, phone, email, create_on) values (26, '0875288782', 'Lamar', 'Wethered', '8372075769', 'lwetheredp@zdnet.com', '26/08/2022');
insert into members (id, document, first_name, last_name, phone, email, create_on) values (27, '4851216378', 'Clarie', 'Memmory', '4551619784', 'cmemmoryq@google.com.hk', '17/09/2022');
insert into members (id, document, first_name, last_name, phone, email, create_on) values (28, '4398601449', 'Courtenay', 'Berrill', '1951778480', 'cberrillr@mediafire.com', '07/07/2022');
insert into members (id, document, first_name, last_name, phone, email, create_on) values (29, '7343832026', 'Marlo', 'Severwright', '8066760757', 'mseverwrights@sakura.ne.jp', '03/08/2022');
insert into members (id, document, first_name, last_name, phone, email, create_on) values (30, '9914421725', 'Bendicty', 'Purcell', '4028904961', 'bpurcellt@cargocollective.com', '01/05/2022');


insert into location (id, country, departament, state, ubication) values (1, 'United States', 'Tallahassee', 'Florida', '3785 Veith Alley');
insert into location (id, country, departament, state, ubication) values (2, 'Germany', 'Berlin', 'Berlin', '63 Butternut Plaza');
insert into location (id, country, departament, state, ubication) values (3, 'United States', 'Hartford', 'Connecticut', '765 Anhalt Center');
insert into location (id, country, departament, state, ubication) values (4, 'United States', 'Fairbanks', 'Alaska', '9 Bellgrove Court');
insert into location (id, country, departament, state, ubication) values (5, 'United States', 'Baton Rouge', 'Louisiana', '18243 Muir Road');
insert into location (id, country, departament, state, ubication) values (6, 'United States', 'New Orleans', 'Louisiana', '35 Northview Circle');
insert into location (id, country, departament, state, ubication) values (7, 'United States', 'Fort Worth', 'Texas', '241 Farragut Terrace');
insert into location (id, country, departament, state, ubication) values (8, 'United Kingdom', 'Bradford', 'England', '73257 Nancy Trail');
insert into location (id, country, departament, state, ubication) values (9, 'United States', 'Inglewood', 'California', '74 Crescent Oaks Lane');
insert into location (id, country, departament, state, ubication) values (10, 'United States', 'Fresno', 'California', '5 Orin Point');


insert into parking (id, name, current_capacity, max_capacity, cost_hour, create_on, location_id, members_id) values (1, 'Lowe-Trantow', 0, 20, 34.96, '17/04/2021', 1, 27);
insert into parking (id, name, current_capacity, max_capacity, cost_hour, create_on, location_id, members_id) values (2, 'McClure-Reichert', 0, 31, 34.9, '14/03/2021', 2, 3);
insert into parking (id, name, current_capacity, max_capacity, cost_hour, create_on, location_id, members_id) values (3, 'Fay, Hessel and Nienow', 0, 28, 38.82, '20/03/2021', 3, 9);
insert into parking (id, name, current_capacity, max_capacity, cost_hour, create_on, location_id, members_id) values (4, 'Kris, Reichel and Dibbert', 0, 24, 38.16, '27/09/2020', 4, 24);
insert into parking (id, name, current_capacity, max_capacity, cost_hour, create_on, location_id, members_id) values (5, 'Rath and Sons', 0, 28, 34.36, '14/03/2021', 5, 6);
insert into parking (id, name, current_capacity, max_capacity, cost_hour, create_on, location_id, members_id) values (6, 'Littel and Sons', 0, 23, 30.61, '04/07/2020', 6, 27);
insert into parking (id, name, current_capacity, max_capacity, cost_hour, create_on, location_id, members_id) values (7, 'Walter Group', 0, 46, 35.53, '20/03/2021', 7, 30);
insert into parking (id, name, current_capacity, max_capacity, cost_hour, create_on, location_id, members_id) values (8, 'Osinski, Davis and Jerde', 0, 38, 35.32, '15/09/2020', 8, 18);
insert into parking (id, name, current_capacity, max_capacity, cost_hour, create_on, location_id, members_id) values (9, 'Simonis, Fisher and Marquardt', 0, 27, 35.26, '02/04/2020', 9, 6);
insert into parking (id, name, current_capacity, max_capacity, cost_hour, create_on, location_id, members_id) values (10, 'Kling-Streich', 0, 43, 34.46, '18/09/2020', 10, 13);


insert into vehicle (id, license_plate, type, make, model, year, create_on, members_id) values (1, '9F0440', 'car', 'Toyota', 'Camry', 1993, '15/05/2020', 30);
insert into vehicle (id, license_plate, type, make, model, year, create_on, members_id) values (2, 'D5359D', 'motorcycle', 'Mitsubishi', '3000GT', 1996, '12/08/2020', 29);
insert into vehicle (id, license_plate, type, make, model, year, create_on, members_id) values (3, 'B67C4A', 'car', 'Jeep', 'Grand Cherokee', 1996, '01/01/2021', 28);
insert into vehicle (id, license_plate, type, make, model, year, create_on, members_id) values (4, 'B28BB2', 'car', 'Hyundai', 'Tiburon', 2001, '05/02/2021', 27);
insert into vehicle (id, license_plate, type, make, model, year, create_on, members_id) values (5, '74D7DA', 'car', 'Saab', '9000', 1986, '14/12/2021', 26);
insert into vehicle (id, license_plate, type, make, model, year, create_on, members_id) values (6, '2F4D88', 'car', 'GMC', 'Vandura 1500', 1994, '08/10/2020', 25);
insert into vehicle (id, license_plate, type, make, model, year, create_on, members_id) values (7, 'C0E3C6', 'car', 'Infiniti', 'Q', 1996, '04/03/2022', 24);
insert into vehicle (id, license_plate, type, make, model, year, create_on, members_id) values (8, 'F24FA6', 'motorcycle', 'Subaru', 'SVX', 1993, '13/05/2021', 23);
insert into vehicle (id, license_plate, type, make, model, year, create_on, members_id) values (9, 'D39437', 'car', 'Nissan', '300ZX', 1996, '26/12/2021', 22);
insert into vehicle (id, license_plate, type, make, model, year, create_on, members_id) values (10, '2A0CC8', 'car', 'Ford', 'Ranger', 2000, '06/10/2021', 21);
insert into vehicle (id, license_plate, type, make, model, year, create_on, members_id) values (11, '7897FA', 'car', 'Mercury', 'Monterey', 2006, '08/02/2021', 20);
insert into vehicle (id, license_plate, type, make, model, year, create_on, members_id) values (12, 'B033C5', 'car', 'Chevrolet', 'Beretta', 1996, '31/08/2021', 19);
insert into vehicle (id, license_plate, type, make, model, year, create_on, members_id) values (13, 'AE7E81', 'car', 'Lexus', 'LX', 2005, '14/03/2021', 18);
insert into vehicle (id, license_plate, type, make, model, year, create_on, members_id) values (14, '32B93E', 'motorcycle', 'Honda', 'Element', 2004, '05/07/2021', 17);
insert into vehicle (id, license_plate, type, make, model, year, create_on, members_id) values (15, 'D76CD9', 'car', 'Mitsubishi', 'Starion', 1988, '18/07/2021', 16);
insert into vehicle (id, license_plate, type, make, model, year, create_on, members_id) values (16, '07F088', 'car', 'Chevrolet', 'Caprice', 1994, '14/03/2022', 15);
insert into vehicle (id, license_plate, type, make, model, year, create_on, members_id) values (17, '075235', 'car', 'Pontiac', '1000', 1985, '25/09/2021', 14);
insert into vehicle (id, license_plate, type, make, model, year, create_on, members_id) values (18, '15070E', 'car', 'Lexus', 'RX', 2003, '15/04/2021', 13);
insert into vehicle (id, license_plate, type, make, model, year, create_on, members_id) values (19, '917015', 'car', 'Mercedes-Benz', 'E-Class', 1995, '18/06/2021', 12);
insert into vehicle (id, license_plate, type, make, model, year, create_on, members_id) values (20, '2B0DC0', 'motorcycle', 'Pontiac', 'GTO', 1964, '15/07/2020', 11);
insert into vehicle (id, license_plate, type, make, model, year, create_on, members_id) values (21, '4C0BB4', 'car', 'Volkswagen', 'Type 2', 1987, '15/08/2021', 10);
insert into vehicle (id, license_plate, type, make, model, year, create_on, members_id) values (22, '6CD0DA', 'car', 'Lotus', 'Exige', 2005, '13/07/2020', 9);
insert into vehicle (id, license_plate, type, make, model, year, create_on, members_id) values (23, 'E2BEBB', 'car', 'Kia', 'Optima', 2009, '14/07/2021', 8);
insert into vehicle (id, license_plate, type, make, model, year, create_on, members_id) values (24, '44CC79', 'car', 'Nissan', 'Pathfinder', 2011, '03/03/2022', 7);
insert into vehicle (id, license_plate, type, make, model, year, create_on, members_id) values (25, '5E271B', 'motorcycle', 'Mazda', 'Protege', 1999, '16/02/2021', 6);
insert into vehicle (id, license_plate, type, make, model, year, create_on, members_id) values (26, 'AB2DB2', 'car', 'Hyundai', 'Tucson', 2012, '12/04/2022', 5);
insert into vehicle (id, license_plate, type, make, model, year, create_on, members_id) values (27, '55CD72', 'car', 'Spyker', 'C8', 2006, '29/08/2020', 4);
insert into vehicle (id, license_plate, type, make, model, year, create_on, members_id) values (28, '2C0BBB', 'motorcycle', 'Toyota', 'Sequoia', 2004, '29/04/2020', 3);
insert into vehicle (id, license_plate, type, make, model, year, create_on, members_id) values (29, 'BA27B5', 'car', 'Hyundai', 'Elantra', 1997, '09/12/2021', 2);
insert into vehicle (id, license_plate, type, make, model, year, create_on, members_id) values (30, 'ED72C7', 'car', 'Ford', 'Explorer', 2013, '26/09/2020', 1);
insert into vehicle (id, license_plate, type, make, model, year, create_on, members_id) values (31, '57C354', 'car', 'Eagle', 'Summit', 1993, '11/11/2021', 26);
insert into vehicle (id, license_plate, type, make, model, year, create_on, members_id) values (32, '394A95', 'car', 'Nissan', 'Quest', 2012, '03/08/2021', 22);
insert into vehicle (id, license_plate, type, make, model, year, create_on, members_id) values (33, 'D7DB7F', 'motorcycle', 'Ford', 'E250', 2007, '06/05/2021', 7);
insert into vehicle (id, license_plate, type, make, model, year, create_on, members_id) values (34, '9CCBD4', 'car', 'BMW', 'M3', 2005, '19/11/2020', 2);
insert into vehicle (id, license_plate, type, make, model, year, create_on, members_id) values (35, 'F86453', 'car', 'Eagle', 'Talon', 1992, '14/10/2020', 7);
insert into vehicle (id, license_plate, type, make, model, year, create_on, members_id) values (36, '912870', 'car', 'Pontiac', 'Firefly', 1989, '09/05/2020', 22);
insert into vehicle (id, license_plate, type, make, model, year, create_on, members_id) values (37, '7E2136', 'car', 'Volvo', 'S60', 2010, '06/04/2022', 9);
insert into vehicle (id, license_plate, type, make, model, year, create_on, members_id) values (38, '1935CF', 'car', 'Chevrolet', 'Malibu', 2005, '09/07/2021', 16);
insert into vehicle (id, license_plate, type, make, model, year, create_on, members_id) values (39, '64D0F6', 'motorcycle', 'Porsche', '944', 1983, '14/03/2021', 12);
insert into vehicle (id, license_plate, type, make, model, year, create_on, members_id) values (40, 'ACCF60', 'car', 'Ford', 'Thunderbird', 1988, '21/05/2021', 1);
insert into vehicle (id, license_plate, type, make, model, year, create_on, members_id) values (41, '2D60B2', 'car', 'Lincoln', 'Aviator', 2005, '21/05/2021', 8);
insert into vehicle (id, license_plate, type, make, model, year, create_on, members_id) values (42, 'D7FAEF', 'motorcycle', 'Mitsubishi', 'Excel', 1987, '06/01/2022', 13);
insert into vehicle (id, license_plate, type, make, model, year, create_on, members_id) values (43, 'AD93FB', 'car', 'Oldsmobile', 'Aurora', 1995, '13/04/2022', 23);
insert into vehicle (id, license_plate, type, make, model, year, create_on, members_id) values (44, '308E18', 'car', 'GMC', 'Vandura 3500', 1992, '21/01/2022', 10);
insert into vehicle (id, license_plate, type, make, model, year, create_on, members_id) values (45, 'D9F84B', 'motorcycle', 'Mercury', 'Monterey', 2007, '02/11/2020', 15);
insert into vehicle (id, license_plate, type, make, model, year, create_on, members_id) values (46, '1F1DC0', 'car', 'Dodge', 'Ram Van 3500', 2001, '28/11/2020', 8);
insert into vehicle (id, license_plate, type, make, model, year, create_on, members_id) values (47, '203F71', 'car', 'Lotus', 'Esprit', 2001, '08/09/2020', 23);
insert into vehicle (id, license_plate, type, make, model, year, create_on, members_id) values (48, '81D984', 'motorcycle', 'Volkswagen', 'rio', 2002, '03/09/2021', 2);
insert into vehicle (id, license_plate, type, make, model, year, create_on, members_id) values (49, '835E16', 'car', 'Honda', 'S2000', 2005, '09/11/2020', 28);
insert into vehicle (id, license_plate, type, make, model, year, create_on, members_id) values (50, '8F6A58', 'car', 'Toyota', 'Matrix', 2006, '21/07/2021', 7);


insert into vehicle_parking (id, entry, exit, parking_id, vehicle_id) values (1, '25/01/2022', '13/02/2023', 2, 1);
insert into vehicle_parking (id, entry, exit, parking_id, vehicle_id) values (2, '16/04/2022', '25/01/2023', 10, 2);
insert into vehicle_parking (id, entry, exit, parking_id, vehicle_id) values (3, '14/02/2022', '14/10/2022', 5, 3);
insert into vehicle_parking (id, entry, exit, parking_id, vehicle_id) values (4, '29/01/2022', '30/06/2023', 8, 4);
insert into vehicle_parking (id, entry, exit, parking_id, vehicle_id) values (5, '12/04/2022', '05/06/2023', 4, 5);
insert into vehicle_parking (id, entry, exit, parking_id, vehicle_id) values (6, '05/03/2022', '14/05/2022', 6, 6);
insert into vehicle_parking (id, entry, exit, parking_id, vehicle_id) values (7, '18/02/2022', '12/05/2023', 8, 7);
insert into vehicle_parking (id, entry, exit, parking_id, vehicle_id) values (8, '20/02/2022', '13/11/2022', 10, 8);
insert into vehicle_parking (id, entry, exit, parking_id, vehicle_id) values (9, '28/02/2022', '26/06/2023', 10, 9);
insert into vehicle_parking (id, entry, exit, parking_id, vehicle_id) values (10, '11/03/2022', '27/04/2022', 9, 10);
insert into vehicle_parking (id, entry, exit, parking_id, vehicle_id) values (11, '20/02/2022', '14/04/2023', 6, 11);
insert into vehicle_parking (id, entry, exit, parking_id, vehicle_id) values (12, '30/01/2022', '12/07/2023', 7, 12);
insert into vehicle_parking (id, entry, exit, parking_id, vehicle_id) values (13, '27/01/2022', '27/11/2022', 6, 13);
insert into vehicle_parking (id, entry, exit, parking_id, vehicle_id) values (14, '21/03/2022', '03/10/2022', 10, 14);
insert into vehicle_parking (id, entry, exit, parking_id, vehicle_id) values (15, '24/01/2022', '27/09/2022', 4, 15);
insert into vehicle_parking (id, entry, exit, parking_id, vehicle_id) values (16, '27/02/2022', '31/10/2022', 5, 16);
insert into vehicle_parking (id, entry, exit, parking_id, vehicle_id) values (17, '05/02/2022', '26/10/2022', 2, 17);
insert into vehicle_parking (id, entry, exit, parking_id, vehicle_id) values (18, '22/03/2022', '14/10/2022', 6, 18);
insert into vehicle_parking (id, entry, exit, parking_id, vehicle_id) values (19, '04/02/2022', '01/02/2023', 2, 19);
insert into vehicle_parking (id, entry, exit, parking_id, vehicle_id) values (20, '12/04/2022', '06/07/2022', 9, 20);
insert into vehicle_parking (id, entry, exit, parking_id, vehicle_id) values (21, '17/03/2022', '08/02/2023', 7, 21);
insert into vehicle_parking (id, entry, exit, parking_id, vehicle_id) values (22, '10/03/2022', '05/08/2023', 3, 22);
insert into vehicle_parking (id, entry, exit, parking_id, vehicle_id) values (23, '15/04/2022', '05/06/2023', 4, 23);
insert into vehicle_parking (id, entry, exit, parking_id, vehicle_id) values (24, '18/02/2022', '12/04/2023', 10, 24);
insert into vehicle_parking (id, entry, exit, parking_id, vehicle_id) values (25, '27/03/2022', '28/07/2023', 2, 25);
insert into vehicle_parking (id, entry, exit, parking_id, vehicle_id) values (26, '03/02/2022', '14/08/2023', 4, 26);
insert into vehicle_parking (id, entry, exit, parking_id, vehicle_id) values (27, '15/04/2022', '05/12/2022', 5, 27);
insert into vehicle_parking (id, entry, exit, parking_id, vehicle_id) values (28, '23/03/2022', '21/10/2022', 2, 28);
insert into vehicle_parking (id, entry, exit, parking_id, vehicle_id) values (29, '12/02/2022', '23/06/2023', 8, 29);
insert into vehicle_parking (id, entry, exit, parking_id, vehicle_id) values (30, '15/03/2022', '12/02/2023', 6, 30);
insert into vehicle_parking (id, entry, exit, parking_id, vehicle_id) values (31, '13/04/2022', '18/06/2023', 6, 31);
insert into vehicle_parking (id, entry, exit, parking_id, vehicle_id) values (32, '09/03/2022', '30/11/2022', 7, 32);
insert into vehicle_parking (id, entry, exit, parking_id, vehicle_id) values (33, '31/01/2022', '10/12/2022', 5, 33);
insert into vehicle_parking (id, entry, exit, parking_id, vehicle_id) values (34, '08/03/2022', '19/05/2022', 2, 34);
insert into vehicle_parking (id, entry, exit, parking_id, vehicle_id) values (35, '26/01/2022', '09/06/2022', 7, 35);
insert into vehicle_parking (id, entry, exit, parking_id, vehicle_id) values (36, '12/04/2022', '06/07/2022', 1, 36);
insert into vehicle_parking (id, entry, exit, parking_id, vehicle_id) values (37, '25/02/2022', '25/07/2023', 4, 37);
insert into vehicle_parking (id, entry, exit, parking_id, vehicle_id) values (38, '21/02/2022', '10/08/2023', 7, 38);
insert into vehicle_parking (id, entry, exit, parking_id, vehicle_id) values (39, '12/03/2022', '28/10/2022', 7, 39);
insert into vehicle_parking (id, entry, exit, parking_id, vehicle_id) values (40, '10/03/2022', '22/07/2023', 7, 40);
insert into vehicle_parking (id, entry, exit, parking_id, vehicle_id) values (41, '31/03/2022', '31/01/2023', 10, 41);
insert into vehicle_parking (id, entry, exit, parking_id, vehicle_id) values (42, '24/03/2022', '26/11/2022', 7, 42);
insert into vehicle_parking (id, entry, exit, parking_id, vehicle_id) values (43, '30/01/2022', '28/05/2022', 5, 43);
insert into vehicle_parking (id, entry, exit, parking_id, vehicle_id) values (44, '27/01/2022', '16/06/2023', 8, 44);
insert into vehicle_parking (id, entry, exit, parking_id, vehicle_id) values (45, '03/04/2022', '28/04/2022', 10, 45);
insert into vehicle_parking (id, entry, exit, parking_id, vehicle_id) values (46, '06/03/2022', '23/04/2022', 8, 46);
insert into vehicle_parking (id, entry, exit, parking_id, vehicle_id) values (47, '09/04/2022', '28/11/2022', 6, 47);
insert into vehicle_parking (id, entry, exit, parking_id, vehicle_id) values (48, '30/01/2022', '31/08/2022', 10, 48);
insert into vehicle_parking (id, entry, exit, parking_id, vehicle_id) values (49, '29/03/2022', '25/07/2022', 6, 49);
insert into vehicle_parking (id, entry, exit, parking_id, vehicle_id) values (50, '24/03/2022', '09/10/2022', 8, 50);
insert into vehicle_parking (id, entry, exit, parking_id, vehicle_id) values (51, '25/08/2022', '25/09/2022', 4, 21);
insert into vehicle_parking (id, entry, exit, parking_id, vehicle_id) values (52, '04/09/2022', '16/10/2022', 2, 3);
insert into vehicle_parking (id, entry, exit, parking_id, vehicle_id) values (53, '12/09/2022', '21/10/2022', 5, 10);
insert into vehicle_parking (id, entry, exit, parking_id, vehicle_id) values (54, '31/08/2022', '27/09/2022', 3, 37);
insert into vehicle_parking (id, entry, exit, parking_id, vehicle_id) values (55, '02/09/2022', '19/10/2022', 8, 35);
insert into vehicle_parking (id, entry, exit, parking_id, vehicle_id) values (56, '30/08/2022', '05/10/2022', 5, 25);
insert into vehicle_parking (id, entry, exit, parking_id, vehicle_id) values (57, '12/09/2022', '18/10/2022', 6, 27);
insert into vehicle_parking (id, entry, exit, parking_id, vehicle_id) values (58, '25/08/2022', '08/10/2022', 8, 43);
insert into vehicle_parking (id, entry, exit, parking_id, vehicle_id) values (59, '21/09/2022', '13/10/2022', 10, 29);
insert into vehicle_parking (id, entry, exit, parking_id, vehicle_id) values (60, '31/08/2022', '29/09/2022', 9, 18);
insert into vehicle_parking (id, entry, exit, parking_id, vehicle_id) values (61, '05/09/2022', '13/10/2022', 4, 25);
insert into vehicle_parking (id, entry, exit, parking_id, vehicle_id) values (62, '11/09/2022', '23/09/2022', 9, 37);
insert into vehicle_parking (id, entry, exit, parking_id, vehicle_id) values (63, '28/08/2022', '16/10/2022', 7, 36);
insert into vehicle_parking (id, entry, exit, parking_id, vehicle_id) values (64, '27/08/2022', '15/10/2022', 4, 3);
insert into vehicle_parking (id, entry, exit, parking_id, vehicle_id) values (65, '17/09/2022', '02/10/2022', 9, 6);
insert into vehicle_parking (id, entry, exit, parking_id, vehicle_id) values (66, '26/08/2022', '27/09/2022', 1, 50);
insert into vehicle_parking (id, entry, exit, parking_id, vehicle_id) values (67, '29/08/2022', '28/09/2022', 9, 31);
insert into vehicle_parking (id, entry, exit, parking_id, vehicle_id) values (68, '01/09/2022', '05/10/2022', 5, 10);
insert into vehicle_parking (id, entry, exit, parking_id, vehicle_id) values (69, '19/09/2022', '03/10/2022', 10, 41);
insert into vehicle_parking (id, entry, exit, parking_id, vehicle_id) values (70, '31/08/2022', '06/10/2022', 3, 40);
insert into vehicle_parking (id, entry, exit, parking_id, vehicle_id) values (71, '06/09/2022', '22/10/2022', 6, 27);
insert into vehicle_parking (id, entry, exit, parking_id, vehicle_id) values (72, '27/08/2022', '23/09/2022', 5, 21);
insert into vehicle_parking (id, entry, exit, parking_id, vehicle_id) values (73, '27/08/2022', '02/10/2022', 2, 37);
insert into vehicle_parking (id, entry, exit, parking_id, vehicle_id) values (74, '26/08/2022', '15/10/2022', 8, 11);
insert into vehicle_parking (id, entry, exit, parking_id, vehicle_id) values (75, '01/09/2022', '14/10/2022', 4, 19);
insert into vehicle_parking (id, entry, exit, parking_id, vehicle_id) values (76, '16/09/2022', '23/09/2022', 4, 41);
insert into vehicle_parking (id, entry, exit, parking_id, vehicle_id) values (77, '07/09/2022', '04/10/2022', 4, 42);
insert into vehicle_parking (id, entry, exit, parking_id, vehicle_id) values (78, '10/09/2022', '26/09/2022', 9, 28);
insert into vehicle_parking (id, entry, exit, parking_id, vehicle_id) values (79, '03/09/2022', '22/10/2022', 2, 45);
insert into vehicle_parking (id, entry, exit, parking_id, vehicle_id) values (80, '09/09/2022', '10/10/2022', 5, 26);
insert into vehicle_parking (id, entry, exit, parking_id, vehicle_id) values (81, '18/09/2022', '01/10/2022', 6, 33);
insert into vehicle_parking (id, entry, exit, parking_id, vehicle_id) values (82, '15/09/2022', '25/09/2022', 3, 14);
insert into vehicle_parking (id, entry, exit, parking_id, vehicle_id) values (83, '07/09/2022', '14/10/2022', 8, 30);
insert into vehicle_parking (id, entry, exit, parking_id, vehicle_id) values (84, '12/09/2022', '16/10/2022', 5, 16);
insert into vehicle_parking (id, entry, exit, parking_id, vehicle_id) values (85, '25/08/2022', '07/10/2022', 2, 46);
insert into vehicle_parking (id, entry, exit, parking_id, vehicle_id) values (86, '12/09/2022', '17/10/2022', 6, 40);
insert into vehicle_parking (id, entry, exit, parking_id, vehicle_id) values (87, '28/08/2022', '20/10/2022', 6, 12);
insert into vehicle_parking (id, entry, exit, parking_id, vehicle_id) values (88, '20/09/2022', '14/10/2022', 5, 46);
insert into vehicle_parking (id, entry, exit, parking_id, vehicle_id) values (89, '01/09/2022', '12/10/2022', 9, 35);
insert into vehicle_parking (id, entry, exit, parking_id, vehicle_id) values (90, '14/09/2022', '20/10/2022', 3, 15);
insert into vehicle_parking (id, entry, exit, parking_id, vehicle_id) values (91, '14/09/2022', '23/09/2022', 6, 38);
insert into vehicle_parking (id, entry, exit, parking_id, vehicle_id) values (92, '04/09/2022', '26/09/2022', 2, 35);
insert into vehicle_parking (id, entry, exit, parking_id, vehicle_id) values (93, '11/09/2022', '24/09/2022', 2, 11);
insert into vehicle_parking (id, entry, exit, parking_id, vehicle_id) values (94, '28/08/2022', '09/10/2022', 9, 36);
insert into vehicle_parking (id, entry, exit, parking_id, vehicle_id) values (95, '14/09/2022', '29/09/2022', 3, 27);
insert into vehicle_parking (id, entry, exit, parking_id, vehicle_id) values (96, '09/09/2022', '09/10/2022', 7, 49);
insert into vehicle_parking (id, entry, exit, parking_id, vehicle_id) values (97, '27/08/2022', '11/10/2022', 10, 9);
insert into vehicle_parking (id, entry, exit, parking_id, vehicle_id) values (98, '04/09/2022', '26/09/2022', 10, 45);
insert into vehicle_parking (id, entry, exit, parking_id, vehicle_id) values (99, '20/09/2022', '24/09/2022', 5, 24);
insert into vehicle_parking (id, entry, exit, parking_id, vehicle_id) values (100, '02/09/2022', '13/10/2022', 4, 26);
insert into vehicle_parking (id, entry, exit, parking_id, vehicle_id) values (101, '18/11/2022', '17/02/2023', 8, 7);
insert into vehicle_parking (id, entry, exit, parking_id, vehicle_id) values (102, '21/12/2022', '19/02/2023', 5, 22);
insert into vehicle_parking (id, entry, exit, parking_id, vehicle_id) values (103, '06/12/2022', null, 10, 27);
insert into vehicle_parking (id, entry, exit, parking_id, vehicle_id) values (104, '23/11/2022', null, 1, 16);
insert into vehicle_parking (id, entry, exit, parking_id, vehicle_id) values (105, '13/12/2022', null, 10, 10);
insert into vehicle_parking (id, entry, exit, parking_id, vehicle_id) values (106, '25/11/2022', '21/02/2023', 2, 26);
insert into vehicle_parking (id, entry, exit, parking_id, vehicle_id) values (107, '26/11/2022', '21/01/2023', 8, 38);
insert into vehicle_parking (id, entry, exit, parking_id, vehicle_id) values (108, '20/12/2022', null, 10, 2);
insert into vehicle_parking (id, entry, exit, parking_id, vehicle_id) values (109, '02/12/2022', null, 6, 20);
insert into vehicle_parking (id, entry, exit, parking_id, vehicle_id) values (110, '09/11/2022', null, 7, 37);
insert into vehicle_parking (id, entry, exit, parking_id, vehicle_id) values (111, '21/11/2022', null, 10, 49);
insert into vehicle_parking (id, entry, exit, parking_id, vehicle_id) values (112, '25/10/2022', null, 9, 40);
insert into vehicle_parking (id, entry, exit, parking_id, vehicle_id) values (113, '18/11/2022', '13/01/2023', 8, 48);
insert into vehicle_parking (id, entry, exit, parking_id, vehicle_id) values (114, '01/12/2022', null, 1, 17);
insert into vehicle_parking (id, entry, exit, parking_id, vehicle_id) values (115, '08/12/2022', null, 3, 44);
insert into vehicle_parking (id, entry, exit, parking_id, vehicle_id) values (116, '23/11/2022', '16/02/2023', 3, 29);
insert into vehicle_parking (id, entry, exit, parking_id, vehicle_id) values (117, '02/12/2022', null, 3, 45);
insert into vehicle_parking (id, entry, exit, parking_id, vehicle_id) values (118, '03/12/2022', null, 4, 41);
insert into vehicle_parking (id, entry, exit, parking_id, vehicle_id) values (119, '02/12/2022', '21/01/2023', 5, 14);
insert into vehicle_parking (id, entry, exit, parking_id, vehicle_id) values (120, '11/12/2022', null, 8, 25);









